,0,1
0,live,1515
1,the,1193
2,you,709
3,of,560
4,i,534
5,is,396
6,in,394
7,my,383
8,love,354
9,me,350
10,to,313
11,god,306
12,all,286
13,a,277
14,instrumental,273
15,your,259
16,jesus,236
17,and,210
18,feat,201
19,it,196
20,acoustic,189
21,come,172
22,we,163
23,on,161
24,are,158
25,for,157
26,be,153
27,s,153
28,will,137
29,o,136
30,heart,135
31,this,133
32,with,132
33,one,131
34,lord,125
35,version,119
36,song,118
37,king,109
38,track,108
39,holy,107
40,our,101
41,praise,97
42,name,96
43,here,94
44,life,90
45,grace,90
46,heaven,90
47,let,90
48,what,88
49,how,87
50,up,85
51,world,83
52,great,81
53,not,81
54,no,80
55,light,80
56,have,79
57,us,78
58,beautiful,76
59,like,76
60,t,76
61,go,76
62,sing,76
63,christ,75
64,story,75
65,glory,72
66,he,71
67,good,70
68,commentary,70
69,psalm,69
70,performance,67
71,so,66
72,never,66
73,from,66
74,night,64
75,christmas,64
76,soul,63
77,new,63
78,accompaniment,63
79,only,61
80,remix,61
81,forever,59
82,cross,59
83,am,58
84,joy,58
85,know,57
86,can,56
87,chapter,56
88,who,55
89,again,54
90,more,53
91,give,53
92,jeremy,53
93,unfinished,52
94,way,51
95,day,51
96,unison,51
97,adrienne,51
98,camp,51
99,father,50
100,alone,48
101,there,48
102,when,48
103,medley,48
104,now,47
105,oh,47
106,nothing,47
107,background,47
108,every,46
109,alive,46
110,take,46
111,vocals,46
112,just,45
113,little,45
114,by,44
115,mercy,44
116,re,43
117,living,42
118,out,42
119,everything,42
120,down,42
121,than,41
122,need,41
123,faithful,41
124,as,40
125,hope,40
126,m,40
127,high,40
128,still,39
129,better,39
130,power,39
131,away,39
132,eyes,38
133,things,38
134,see,38
135,that,38
136,hallelujah,37
137,spontaneous,37
138,fire,37
139,spirit,37
140,back,37
141,time,37
142,always,37
143,where,36
144,home,36
145,over,36
146,thing,36
147,angels,35
148,worthy,34
149,broken,33
150,stand,33
151,shine,33
152,album,33
153,faith,32
154,thou,32
155,without,32
156,free,32
157,say,31
158,at,31
159,word,31
160,mighty,31
161,through,31
162,silent,31
163,do,30
164,hold,30
165,want,30
166,open,30
167,fall,30
168,believe,29
169,reagan,29
170,if,28
171,lamb,28
172,first,28
173,earth,28
174,ye,28
175,well,27
176,glorious,27
177,deep,27
178,his,27
179,hear,27
180,emmanuel,27
181,reprise,27
182,loved,26
183,behold,26
184,enough,26
185,passion,26
186,hands,26
187,joyful,26
188,him,26
189,place,25
190,but,25
191,blood,25
192,lift,25
193,prayer,25
194,bonus,25
195,amazing,24
196,ever,24
197,an,24
198,upon,24
199,born,24
200,save,24
201,human,24
202,medium,24
203,trust,23
204,found,23
205,yours,23
206,wonderful,23
207,interlude,23
208,radio,23
209,blessed,23
210,sound,23
211,brock,23
212,sweet,23
213,extended,23
214,man,22
215,won,22
216,tell,22
217,set,22
218,hosanna,22
219,ve,22
220,rest,22
221,made,21
222,son,21
223,friend,21
224,hail,21
225,feet,20
226,yet,20
227,amen,20
228,don,20
229,days,20
230,savior,20
231,rise,20
232,thank,20
233,stars,20
234,heard,20
235,may,19
236,look,19
237,peace,19
238,wonder,19
239,into,19
240,find,19
241,long,19
242,wait,19
243,surrender,19
244,came,19
245,something,19
246,sessions,19
247,has,19
248,studio,19
249,yes,18
250,ll,18
251,kingdom,18
252,worship,18
253,dance,18
254,speak,18
255,before,18
256,moment,18
257,after,18
258,risen,18
259,la,18
260,almighty,18
261,shout,18
262,hark,18
263,even,17
264,turn,17
265,el,17
266,make,17
267,victory,17
268,strong,17
269,reign,17
270,call,17
271,death,17
272,own,17
273,intro,17
274,pt,17
275,breathe,17
276,behind,17
277,child,16
278,another,16
279,counting,16
280,touch,16
281,shall,16
282,en,16
283,follow,16
284,head,16
285,right,16
286,rain,16
287,que,16
288,above,16
289,thee,16
290,walk,16
291,face,16
292,merry,16
293,renewed,16
294,wine,15
295,greater,15
296,done,15
297,loves,15
298,get,15
299,closer,15
300,other,15
301,end,15
302,tu,15
303,morning,15
304,mi,15
305,shepherd,15
306,presence,15
307,carry,15
308,people,15
309,wondrous,15
310,mystery,15
311,around,15
312,freedom,15
313,herald,15
314,run,14
315,lay,14
316,got,14
317,vision,14
318,hymn,14
319,move,14
320,coming,14
321,running,14
322,edition,14
323,n,14
324,redeemer,14
325,noel,14
326,mountain,14
327,revisited,14
328,children,14
329,was,13
330,kings,13
331,remember,13
332,else,13
333,same,13
334,sings,13
335,art,13
336,real,13
337,truth,13
338,change,13
339,anthem,13
340,e,13
341,falling,13
342,lost,13
343,singing,13
344,de,13
345,island,13
346,gone,13
347,arise,13
348,house,13
349,lives,13
350,saviour,13
351,belong,13
352,meredith,13
353,lead,13
354,last,13
355,break,13
356,isaiah,13
357,split,13
358,trax,13
359,lion,12
360,endless,12
361,close,12
362,ground,12
363,ocean,12
364,too,12
365,higher,12
366,doxology,12
367,once,12
368,wake,12
369,mine,12
370,heavens,12
371,reigns,12
372,help,12
373,edit,12
374,healer,12
375,think,12
376,words,12
377,amor,12
378,ghost,12
379,mayne,12
380,bells,12
381,fly,12
382,mix,12
383,oceans,11
384,goodness,11
385,stop,11
386,awake,11
387,sky,11
388,keep,11
389,bless,11
390,water,11
391,perfect,11
392,d,11
393,unto,11
394,andrea,11
395,marie,11
396,city,11
397,sinners,11
398,majesty,11
399,going,11
400,adore,11
401,rock,11
402,stay,11
403,waiting,11
404,highest,11
405,manger,11
406,movement,11
407,altar,10
408,rescue,10
409,fail,10
410,raise,10
411,whole,10
412,storm,10
413,paradoxology,10
414,gospel,10
415,reason,10
416,would,10
417,river,10
418,been,10
419,overcome,10
420,changes,10
421,until,10
422,young,10
423,ti,10
424,dios,10
425,crown,10
426,safe,10
427,single,10
428,does,10
429,beyond,10
430,sea,10
431,messiah,10
432,gonna,10
433,far,10
434,lifted,10
435,benediction,10
436,welcome,10
437,garden,10
438,near,10
439,arms,10
440,because,10
441,creatures,10
442,did,10
443,marvelous,10
444,mary,10
445,bethlehem,10
446,reel,10
447,prelude,10
448,reckless,9
449,nobody,9
450,longer,9
451,dead,9
452,fear,9
453,defender,9
454,revelation,9
455,fight,9
456,best,9
457,dancing,9
458,yourself,9
459,dawn,9
460,wild,9
461,exalted,9
462,breath,9
463,sun,9
464,gold,9
465,scandal,9
466,remembrance,9
467,yahweh,9
468,forevermore,9
469,comes,9
470,throne,9
471,chains,9
472,remains,9
473,york,9
474,answer,9
475,worth,9
476,exalt,9
477,salvation,9
478,leave,9
479,about,9
480,abide,9
481,es,9
482,greatness,9
483,melbourne,9
484,reimagined,9
485,wide,9
486,waters,9
487,star,9
488,flame,9
489,many,9
490,everlasting,9
491,selah,9
492,strength,9
493,winter,9
494,rejoice,9
495,body,9
496,voice,9
497,dear,8
498,billion,8
499,x,8
500,slaves,8
501,vessels,8
502,walking,8
503,start,8
504,simple,8
505,dry,8
506,secret,8
507,room,8
508,horizon,8
509,divine,8
510,war,8
511,called,8
512,road,8
513,miracle,8
514,cry,8
515,miss,8
516,fast,8
517,faithfulness,8
518,assurance,8
519,empty,8
520,awe,8
521,creation,8
522,healing,8
523,lifesong,8
524,already,8
525,fountain,8
526,awaken,8
527,beauty,8
528,church,8
529,anchor,8
530,forgiven,8
531,dream,8
532,white,8
533,miracles,8
534,draw,8
535,calvary,8
536,stronger,8
537,burn,8
538,inside,8
539,much,8
540,andrews,8
541,original,8
542,isn,8
543,while,8
544,three,8
545,fortress,8
546,show,8
547,somebody,8
548,part,8
549,rising,8
550,johnson,8
551,boy,8
552,build,7
553,tremble,7
554,west,7
555,alleluia,7
556,till,7
557,control,7
558,stasis,7
559,blessing,7
560,hello,7
561,impossible,7
562,side,7
563,then,7
564,fails,7
565,promises,7
566,promise,7
567,session,7
568,dust,7
569,mind,7
570,walls,7
571,glorioso,7
572,seasons,7
573,happy,7
574,or,7
575,c,7
576,shelter,7
577,final,7
578,thy,7
579,michael,7
580,fount,7
581,coraz,7
582,wind,7
583,myself,7
584,tis,7
585,fullness,7
586,these,7
587,lark,7
588,family,7
589,crowns,7
590,finally,7
591,seek,7
592,low,7
593,bridge,7
594,bow,7
595,rush,7
596,cannot,7
597,stopped,7
598,silence,7
599,overflow,7
600,afraid,7
601,saints,7
602,thirst,7
603,tonight,7
604,continued,7
605,sparrow,7
606,bring,7
607,shadows,7
608,fill,7
609,year,7
610,sin,7
611,glorify,7
612,yeshua,7
613,chain,7
614,zion,7
615,feel,7
616,lean,7
617,tongues,7
618,eres,7
619,ii,7
620,wonders,7
621,remain,7
622,search,7
623,sweeter,7
624,were,7
625,mauldin,7
626,ashamed,7
627,middle,7
628,easy,7
629,moving,7
630,maker,6
631,hills,6
632,stones,6
633,seen,6
634,redeemed,6
635,angel,6
636,history,6
637,blessings,6
638,news,6
639,east,6
640,choose,6
641,getting,6
642,ain,6
643,grave,6
644,afresh,6
645,prince,6
646,merciful,6
647,wanted,6
648,imagine,6
649,lullaby,6
650,line,6
651,together,6
652,l,6
653,hidden,6
654,hand,6
655,step,6
656,letting,6
657,p,6
658,land,6
659,thanks,6
660,taste,6
661,reasons,6
662,starts,6
663,sovereign,6
664,looking,6
665,madness,6
666,knees,6
667,b,6
668,te,6
669,fade,6
670,est,6
671,steady,6
672,slow,6
673,rose,6
674,leaning,6
675,praises,6
676,smile,6
677,gave,6
678,goes,6
679,beats,6
680,cristo,6
681,carried,6
682,very,6
683,next,6
684,se,6
685,alternate,6
686,could,6
687,decided,6
688,rule,6
689,ways,6
690,gloria,6
691,years,6
692,boast,6
693,someone,6
694,lose,6
695,blue,6
696,lucas,6
697,tears,6
698,shores,6
699,bread,6
700,beloved,6
701,burning,6
702,deeper,6
703,alabaster,6
704,birds,6
705,chasing,6
706,amazed,6
707,season,6
708,filled,6
709,hour,6
710,symphony,6
711,crazy,6
712,satisfy,6
713,saving,6
714,invisible,6
715,why,6
716,soon,6
717,revive,6
718,brian,6
719,offering,6
720,two,6
721,breaking,6
722,ride,6
723,frente,6
724,devotion,6
725,holly,6
726,snow,6
727,means,6
728,peter,6
729,portland,6
730,jin,6
731,gentlemen,6
732,expected,6
733,giving,6
734,dawned,6
735,carol,6
736,loving,5
737,known,5
738,hearts,5
739,valleys,5
740,lo,5
741,lighthouse,5
742,girl,5
743,beat,5
744,ran,5
745,red,5
746,whom,5
747,armies,5
748,pieces,5
749,wings,5
750,chandler,5
751,wanna,5
752,echo,5
753,bones,5
754,highlands,5
755,ascent,5
756,center,5
757,brave,5
758,along,5
759,most,5
760,clean,5
761,resurrection,5
762,bright,5
763,band,5
764,grateful,5
765,diamonds,5
766,revival,5
767,full,5
768,finished,5
769,abba,5
770,valentine,5
771,jes,5
772,relentless,5
773,floor,5
774,soy,5
775,lettered,5
776,ketterer,5
777,since,5
778,moved,5
779,anybody,5
780,her,5
781,poor,5
782,powerless,5
783,battle,5
784,names,5
785,seas,5
786,hears,5
787,celebration,5
788,por,5
789,avalanche,5
790,gracious,5
791,hay,5
792,esperanza,5
793,catch,5
794,cries,5
795,round,5
796,elohim,5
797,old,5
798,estoy,5
799,nombre,5
800,paid,5
801,between,5
802,greatest,5
803,colors,5
804,feeling,5
805,asia,5
806,ok,5
807,needed,5
808,music,5
809,wasted,5
810,aftermath,5
811,un,5
812,deer,5
813,quiet,5
814,goodbye,5
815,across,5
816,listening,5
817,whisper,5
818,die,5
819,lie,5
820,valley,5
821,million,5
822,ones,5
823,todo,5
824,started,5
825,precious,5
826,feels,5
827,awakening,5
828,awesome,5
829,grande,5
830,wish,5
831,being,5
832,fighting,5
833,emptiness,5
834,ages,5
835,obey,5
836,iii,5
837,fruits,5
838,keeper,5
839,commission,5
840,really,5
841,celebrate,5
842,vida,5
843,beginning,5
844,joel,5
845,matchless,5
846,darkness,5
847,solo,5
848,count,5
849,forgive,5
850,theme,5
851,top,5
852,baby,5
853,redemption,5
854,inheritance,5
855,eric,5
856,owyoung,5
857,waltz,5
858,tim,5
859,yagolnikov,5
860,generation,5
861,roads,5
862,bloom,5
863,slain,5
864,release,5
865,reach,5
866,loud,5
867,size,5
868,lee,5
869,collision,5
870,praised,5
871,lines,5
872,possible,5
873,desire,5
874,yeong,5
875,louder,5
876,midwinter,5
877,turning,5
878,doug,5
879,weier,5
880,calling,5
881,rich,5
882,fox,5
883,restored,5
884,air,5
885,deus,5
886,ordinary,5
887,psalms,5
888,town,5
889,reward,5
890,key,5
891,matthew,4
892,resurrecting,4
893,amanda,4
894,cook,4
895,gretzinger,4
896,haven,4
897,hurry,4
898,hiding,4
899,below,4
900,steffany,4
901,today,4
902,creed,4
903,space,4
904,cielo,4
905,moore,4
906,unstoppable,4
907,religion,4
908,cloud,4
909,highs,4
910,lows,4
911,surrounded,4
912,battles,4
913,sorry,4
914,overwhelmed,4
915,enthroned,4
916,table,4
917,surely,4
918,hurts,4
919,front,4
920,trono,4
921,intentional,4
922,roar,4
923,indescribable,4
924,mean,4
925,awakens,4
926,kb,4
927,ancient,4
928,temple,4
929,escape,4
930,overture,4
931,restless,4
932,evan,4
933,craft,4
934,deluxe,4
935,ready,4
936,captain,4
937,oxygen,4
938,knows,4
939,places,4
940,happen,4
941,marching,4
942,moments,4
943,future,4
944,galilee,4
945,masterpiece,4
946,sure,4
947,brandon,4
948,highway,4
949,crimson,4
950,mountains,4
951,abandon,4
952,sinking,4
953,met,4
954,banner,4
955,forget,4
956,rend,4
957,astounded,4
958,street,4
959,empires,4
960,forgiveness,4
961,clear,4
962,stage,4
963,cause,4
964,pasi,4
965,nada,4
966,calls,4
967,indeed,4
968,tree,4
969,flood,4
970,gravity,4
971,digno,4
972,y,4
973,saved,4
974,aqu,4
975,pursuit,4
976,al,4
977,brighter,4
978,para,4
979,win,4
980,pretty,4
981,treasure,4
982,door,4
983,them,4
984,hero,4
985,softly,4
986,tenderly,4
987,she,4
988,outsiders,4
989,trip,4
990,waste,4
991,universe,4
992,gift,4
993,takes,4
994,none,4
995,thousand,4
996,deliverer,4
997,cornerstone,4
998,jehovah,4
999,climb,4
1000,pull,4
1001,under,4
1002,sometimes,4
1003,eye,4
1004,desert,4
1005,miles,4
1006,chris,4
1007,felix,4
1008,culpa,4
1009,immanuel,4
1010,babylon,4
1011,delight,4
1012,ascension,4
1013,listen,4
1014,dove,4
1015,supernatural,4
1016,california,4
1017,jon,4
1018,sean,4
1019,curran,4
1020,chance,4
1021,starmaker,4
1022,breaker,4
1023,belfast,4
1024,second,4
1025,anything,4
1026,midnight,4
1027,genesis,4
1028,slowly,4
1029,restore,4
1030,sweep,4
1031,torn,4
1032,asunder,4
1033,magnificent,4
1034,lands,4
1035,superhero,4
1036,talk,4
1037,dreams,4
1038,kyrie,4
1039,eleison,4
1040,waterfall,4
1041,unspeakable,4
1042,paz,4
1043,cruz,4
1044,andi,4
1045,rozier,4
1046,survey,4
1047,alright,4
1048,befitting,4
1049,heroes,4
1050,songs,4
1051,saves,4
1052,needs,4
1053,gabriel,4
1054,oboe,4
1055,ending,4
1056,sweetest,4
1057,enemy,4
1058,sabotage,4
1059,motion,4
1060,left,4
1061,wherever,4
1062,jingle,4
1063,acquired,4
1064,sorrow,4
1065,traveler,4
1066,tengo,4
1067,matt,4
1068,redman,4
1069,pilgrim,4
1070,understand,4
1071,gentle,4
1072,deliver,4
1073,vuelva,4
1074,latir,4
1075,gotta,4
1076,march,4
1077,care,4
1078,shaddai,4
1079,disaster,4
1080,fame,4
1081,snare,4
1082,according,4
1083,tear,4
1084,falls,4
1085,rainbow,4
1086,humble,4
1087,standing,4
1088,immortal,4
1089,ivy,4
1090,planting,4
1091,trees,4
1092,unchanging,4
1093,joyfully,4
1094,mr,4
1095,able,4
1096,colorful,4
1097,noon,4
1098,leads,4
1099,bride,4
1100,stone,4
1101,lament,4
1102,sarah,4
1103,swing,4
1104,drummer,4
1105,cello,4
1106,tyler,4
1107,hook,4
1108,everybody,4
1109,deserve,4
1110,intimacy,4
1111,preparation,4
1112,splendor,4
1113,must,4
1114,reckoning,4
1115,meet,4
1116,green,4
1117,aaron,4
1118,lockstep,4
1119,letter,4
1120,stands,4
1121,journey,4
1122,shining,4
1123,everyday,4
1124,sacrifice,4
1125,david,4
1126,tower,4
1127,less,4
1128,teach,4
1129,vs,4
1130,jig,4
1131,sleigh,4
1132,aloud,4
1133,master,4
1134,amaryllis,4
1135,luke,4
1136,holding,4
1137,bleak,4
1138,paper,3
1139,breakthrough,3
1140,otra,3
1141,vez,3
1142,held,3
1143,famous,3
1144,olive,3
1145,losing,3
1146,rebel,3
1147,israel,3
1148,anywhere,3
1149,refiner,3
1150,communion,3
1151,extravagant,3
1152,thrive,3
1153,minefields,3
1154,hollyn,3
1155,should,3
1156,bigger,3
1157,thought,3
1158,kind,3
1159,crash,3
1160,sailing,3
1161,regrets,3
1162,sticks,3
1163,steven,3
1164,furtick,3
1165,drops,3
1166,cold,3
1167,transfiguration,3
1168,rescuer,3
1169,ven,3
1170,ante,3
1171,su,3
1172,movie,3
1173,storehouse,3
1174,starlight,3
1175,cover,3
1176,knew,3
1177,lazarus,3
1178,shaken,3
1179,nailed,3
1180,redeem,3
1181,shadow,3
1182,broke,3
1183,retreat,3
1184,braille,3
1185,ends,3
1186,andy,3
1187,mineo,3
1188,kindness,3
1189,shake,3
1190,hampton,3
1191,weep,3
1192,giant,3
1193,might,3
1194,echoes,3
1195,splinters,3
1196,tomb,3
1197,motions,3
1198,jerusalem,3
1199,poderoso,3
1200,begins,3
1201,backwards,3
1202,undignified,3
1203,conquerors,3
1204,boldly,3
1205,approach,3
1206,manila,3
1207,siempre,3
1208,alabar,3
1209,tempest,3
1210,ten,3
1211,taylor,3
1212,ulysses,3
1213,minute,3
1214,simplicity,3
1215,wave,3
1216,via,3
1217,dolorosa,3
1218,impact,3
1219,vivo,3
1220,vino,3
1221,nuevo,3
1222,unbreakable,3
1223,sorrows,3
1224,una,3
1225,hindsight,3
1226,padre,3
1227,santo,3
1228,moon,3
1229,rather,3
1230,wisdom,3
1231,sides,3
1232,tethered,3
1233,hill,3
1234,wedding,3
1235,breathing,3
1236,infinity,3
1237,bit,3
1238,ask,3
1239,satisfied,3
1240,esp,3
1241,ritu,3
1242,bad,3
1243,used,3
1244,rocket,3
1245,restart,3
1246,circles,3
1247,stained,3
1248,glass,3
1249,masquerade,3
1250,jumping,3
1251,jaded,3
1252,heights,3
1253,audrey,3
1254,fairest,3
1255,waits,3
1256,covered,3
1257,beneath,3
1258,washed,3
1259,flag,3
1260,ya,3
1261,sunrise,3
1262,becky,3
1263,freak,3
1264,derek,3
1265,minor,3
1266,bird,3
1267,brokenness,3
1268,aside,3
1269,promesas,3
1270,compare,3
1271,drop,3
1272,foot,3
1273,heartbeat,3
1274,naked,3
1275,tierra,3
1276,black,3
1277,rodeo,3
1278,suns,3
1279,omnipotent,3
1280,push,3
1281,amamos,3
1282,gates,3
1283,judge,3
1284,pilot,3
1285,finish,3
1286,coma,3
1287,aimless,3
1288,knight,3
1289,phoenix,3
1290,demo,3
1291,em,3
1292,liberty,3
1293,create,3
1294,proclaim,3
1295,dark,3
1296,unfailing,3
1297,everywhere,3
1298,waited,3
1299,park,3
1300,wider,3
1301,mc,3
1302,clarney,3
1303,true,3
1304,ukulele,3
1305,smoke,3
1306,mirrors,3
1307,hunger,3
1308,heartbeats,3
1309,tapestry,3
1310,lifeline,3
1311,maybe,3
1312,adorar,3
1313,pure,3
1314,block,3
1315,dirty,3
1316,forsaken,3
1317,clouds,3
1318,hungry,3
1319,defined,3
1320,anyway,3
1321,fishers,3
1322,men,3
1323,divinely,3
1324,royal,3
1325,testimony,3
1326,raised,3
1327,vivir,3
1328,adoration,3
1329,guerra,3
1330,golden,3
1331,peoples,3
1332,thankfulness,3
1333,sleeper,3
1334,shot,3
1335,enchanted,3
1336,cost,3
1337,off,3
1338,kuala,3
1339,lumpur,3
1340,trata,3
1341,eulogy,3
1342,weary,3
1343,sinner,3
1344,keeps,3
1345,special,3
1346,melodies,3
1347,ninety,3
1348,nine,3
1349,playing,3
1350,propaganda,3
1351,fix,3
1352,science,3
1353,immeasurably,3
1354,quiero,3
1355,ablaze,3
1356,rhythms,3
1357,underneath,3
1358,meets,3
1359,figueroa,3
1360,unashamed,3
1361,christian,3
1362,slip,3
1363,train,3
1364,limitless,3
1365,amazes,3
1366,sync,3
1367,embers,3
1368,til,3
1369,gracia,3
1370,muestra,3
1371,sparks,3
1372,majestic,3
1373,bello,3
1374,reaching,3
1375,danger,3
1376,jungle,3
1377,trackless,3
1378,co,3
1379,rivers,3
1380,pouring,3
1381,everyone,3
1382,bound,3
1383,daddy,3
1384,glow,3
1385,sirens,3
1386,jack,3
1387,heavy,3
1388,put,3
1389,weight,3
1390,mosaic,3
1391,path,3
1392,nico,3
1393,trials,3
1394,stretch,3
1395,friends,3
1396,komh,3
1397,hgiyl,3
1398,optn,3
1399,sailor,3
1400,moses,3
1401,sleeping,3
1402,branch,3
1403,ache,3
1404,pass,3
1405,failed,3
1406,ought,3
1407,chosen,3
1408,arrested,3
1409,prodigal,3
1410,romans,3
1411,kevin,3
1412,reino,3
1413,lindsay,3
1414,mccaul,3
1415,explode,3
1416,misconception,3
1417,chase,3
1418,jenn,3
1419,crossover,3
1420,dwelling,3
1421,tomorrow,3
1422,cell,3
1423,finishing,3
1424,somewhere,3
1425,friendship,3
1426,crows,3
1427,return,3
1428,este,3
1429,hxly,3
1430,kxss,3
1431,instruments,3
1432,symbols,3
1433,signs,3
1434,abounds,3
1435,shane,3
1436,age,3
1437,saint,3
1438,image,3
1439,resting,3
1440,join,3
1441,nova,3
1442,roving,3
1443,cody,3
1444,affection,3
1445,confession,3
1446,fathers,3
1447,unchangeable,3
1448,bryan,3
1449,todd,3
1450,changed,3
1451,legend,3
1452,snakes,3
1453,arrival,3
1454,generous,3
1455,ramsey,3
1456,chardon,3
1457,lewis,3
1458,steal,3
1459,tait,3
1460,furler,3
1461,sift,3
1462,zero,3
1463,survivors,3
1464,satellite,3
1465,kite,3
1466,shepherds,3
1467,afflicted,3
1468,desperate,3
1469,send,3
1470,hundredth,3
1471,musical,3
1472,priest,3
1473,recreation,3
1474,pressing,3
1475,forward,3
1476,yo,3
1477,covet,3
1478,notre,3
1479,dame,3
1480,lamentations,3
1481,mother,3
1482,finds,3
1483,few,3
1484,any,3
1485,amaze,3
1486,its,3
1487,advent,3
1488,they,3
1489,chad,3
1490,howat,3
1491,chislett,3
1492,tennikoff,3
1493,edwardson,3
1494,exile,3
1495,dial,3
1496,tone,3
1497,string,3
1498,ties,3
1499,speaks,3
1500,work,3
1501,spacefan,3
1502,sit,3
1503,ft,3
1504,stacy,3
1505,solomon,3
1506,olds,3
1507,vital,3
1508,lens,3
1509,lovely,3
1510,paradise,3
1511,heather,3
1512,headley,3
1513,yearn,3
1514,compassion,3
1515,roll,3
1516,beau,3
1517,lamshed,3
1518,jake,3
1519,leboeuf,3
1520,kroger,3
1521,hermosa,3
1522,darren,3
1523,fool,3
1524,windows,3
1525,wonderfully,3
1526,speaking,3
1527,grow,3
1528,woman,3
1529,dwell,3
1530,rollercoaster,3
1531,yhwh,3
1532,different,3
1533,organized,3
1534,whoever,3
1535,entitlement,3
1536,didn,3
1537,totally,3
1538,tender,3
1539,super,3
1540,cidney,3
1541,dobrodt,3
1542,mission,3
1543,hallowed,3
1544,brick,3
1545,inishowen,3
1546,number,3
1547,st,3
1548,corinthians,3
1549,race,3
1550,motive,3
1551,waitin,3
1552,seth,3
1553,mcconkey,3
1554,sacred,3
1555,samba,3
1556,okay,3
1557,houston,3
1558,extraordinary,3
1559,royalty,3
1560,yesu,3
1561,late,3
1562,silver,3
1563,nations,3
1564,peaceful,3
1565,message,3
1566,ode,3
1567,capture,3
1568,salsa,3
1569,big,3
1570,wast,3
1571,cool,3
1572,sugar,3
1573,united,3
1574,habakkuk,3
1575,colby,3
1576,osborn,3
1577,country,3
1578,tropical,3
1579,magnificat,3
1580,outside,3
1581,pride,3
1582,tom,3
1583,ennis,3
1584,irish,3
1585,talking,3
1586,deck,3
1587,halls,3
1588,threshold,3
1589,wrap,3
1590,ago,3
1591,reflector,3
1592,skies,3
1593,forgotten,3
1594,idyll,3
1595,jolly,3
1596,coat,3
1597,innocence,3
1598,blues,3
1599,amy,3
1600,righteous,3
1601,socks,3
1602,spinning,3
1603,glad,3
1604,radiance,3
1605,stable,3
1606,remella,3
1607,coffey,3
1608,migdal,3
1609,eder,3
1610,amplify,3
1611,suddenly,3
1612,narnian,3
1613,eliza,3
1614,evermore,3
1615,wassailing,3
1616,tenshi,3
1617,shades,3
1618,steps,3
1619,daylily,3
1620,har,2
1621,rolling,2
1622,cared,2
1623,lindsey,2
1624,somehow,2
1625,coffee,2
1626,como,2
1627,grove,2
1628,flawless,2
1629,tauren,2
1630,wells,2
1631,featuring,2
1632,houghton,2
1633,farther,2
1634,inevitable,2
1635,assembly,2
1636,upper,2
1637,pray,2
1638,confident,2
1639,pursue,2
1640,younger,2
1641,worn,2
1642,distant,2
1643,adonai,2
1644,wins,2
1645,comeback,2
1646,flow,2
1647,faii,2
1648,told,2
1649,drenched,2
1650,captured,2
1651,brother,2
1652,courageous,2
1653,hosts,2
1654,glimmer,2
1655,cecie,2
1656,stays,2
1657,courage,2
1658,whatchu,2
1659,hammer,2
1660,portion,2
1661,citizen,2
1662,undefeated,2
1663,resucit,2
1664,loyal,2
1665,salt,2
1666,ruined,2
1667,isabelline,2
1668,turnt,2
1669,opened,2
1670,knife,2
1671,shame,2
1672,shackles,2
1673,vengo,2
1674,wordless,2
1675,adoramos,2
1676,waves,2
1677,heal,2
1678,providence,2
1679,language,2
1680,toe,2
1681,armor,2
1682,drawn,2
1683,zeal,2
1684,marches,2
1685,went,2
1686,banks,2
1687,luminosity,2
1688,quien,2
1689,dices,2
1690,sold,2
1691,fernando,2
1692,ortega,2
1693,advocate,2
1694,unconditional,2
1695,warrior,2
1696,lowest,2
1697,cliffs,2
1698,arbel,2
1699,which,2
1700,walked,2
1701,brand,2
1702,sidelines,2
1703,presencia,2
1704,rindo,2
1705,cure,2
1706,hurt,2
1707,mover,2
1708,potter,2
1709,trenches,2
1710,among,2
1711,magnified,2
1712,scroll,2
1713,waymaker,2
1714,mended,2
1715,libertad,2
1716,inhabit,2
1717,fe,2
1718,nuthin,2
1719,messengers,2
1720,respond,2
1721,nar,2
1722,poole,2
1723,trinity,2
1724,anderson,2
1725,hollow,2
1726,millionaire,2
1727,defiant,2
1728,works,2
1729,ruins,2
1730,katzrin,2
1731,champion,2
1732,design,2
1733,mention,2
1734,chroma,2
1735,window,2
1736,facts,2
1737,boasting,2
1738,temer,2
1739,hermoso,2
1740,actress,2
1741,funny,2
1742,daydream,2
1743,action,2
1744,wholehearted,2
1745,nube,2
1746,imposible,2
1747,shape,2
1748,golgotha,2
1749,says,2
1750,nuestro,2
1751,eminence,2
1752,atramentous,2
1753,ultramarine,2
1754,lucked,2
1755,america,2
1756,hard,2
1757,esto,2
1758,creo,2
1759,credo,2
1760,lifer,2
1761,sting,2
1762,sunday,2
1763,questions,2
1764,lu,2
1765,electric,2
1766,atmosphere,2
1767,prophesy,2
1768,fighter,2
1769,viridian,2
1770,game,2
1771,heartbreak,2
1772,times,2
1773,awkward,2
1774,pitter,2
1775,patter,2
1776,sigh,2
1777,eagles,2
1778,bled,2
1779,vas,2
1780,parar,2
1781,uncontainable,2
1782,evidence,2
1783,profetizar,2
1784,mount,2
1785,beatitudes,2
1786,blackout,2
1787,constant,2
1788,refuse,2
1789,becoming,2
1790,siervo,2
1791,atmospheres,2
1792,sopla,2
1793,synesthesia,2
1794,outro,2
1795,preach,2
1796,ugly,2
1797,fever,2
1798,butterfly,2
1799,sleep,2
1800,garments,2
1801,kid,2
1802,fades,2
1803,encu,2
1804,ntrame,2
1805,eco,2
1806,adrift,2
1807,abandoned,2
1808,sower,2
1809,intercambio,2
1810,wellspring,2
1811,refresh,2
1812,galaxies,2
1813,entronado,2
1814,firme,2
1815,esclavo,2
1816,partes,2
1817,sake,2
1818,plugged,2
1819,daydreaming,2
1820,mistakes,2
1821,guilty,2
1822,wick,2
1823,beleaf,2
1824,ladders,2
1825,september,2
1826,whatever,2
1827,detendr,2
1828,contigo,2
1829,plenitud,2
1830,asombrado,2
1831,spoke,2
1832,consuming,2
1833,fallar,2
1834,incontrolable,2
1835,weapon,2
1836,wouldn,2
1837,sets,2
1838,pours,2
1839,fun,2
1840,movements,2
1841,aleluya,2
1842,fountains,2
1843,returns,2
1844,sobre,2
1845,mankind,2
1846,entrego,2
1847,nearness,2
1848,furious,2
1849,defense,2
1850,destination,2
1851,deja,2
1852,vu,2
1853,applause,2
1854,consider,2
1855,beginnings,2
1856,owl,2
1857,expensive,2
1858,upbeat,2
1859,incense,2
1860,himno,2
1861,paradigm,2
1862,hundred,2
1863,tomlin,2
1864,kelly,2
1865,indestructible,2
1866,imagino,2
1867,contempla,2
1868,sending,2
1869,ahead,2
1870,jailbreak,2
1871,timepiece,2
1872,dominion,2
1873,struggle,2
1874,davies,2
1875,jericho,2
1876,north,2
1877,fireworks,2
1878,mountaintops,2
1879,vow,2
1880,ashes,2
1881,wilderness,2
1882,salvaci,2
1883,del,2
1884,price,2
1885,cesar,2
1886,regret,2
1887,exaltation,2
1888,frontiers,2
1889,strips,2
1890,uncreated,2
1891,facing,2
1892,task,2
1893,shinjuku,2
1894,guiding,2
1895,invocation,2
1896,arrow,2
1897,jacaranda,2
1898,condition,2
1899,married,2
1900,ubi,2
1901,caritas,2
1902,volver,2
1903,alabanza,2
1904,despierte,2
1905,levantando,2
1906,las,2
1907,manos,2
1908,color,2
1909,tentative,2
1910,digital,2
1911,vast,2
1912,sons,2
1913,daughters,2
1914,lover,2
1915,tranquilizar,2
1916,abraham,2
1917,switch,2
1918,prayin,2
1919,explosion,2
1920,templeton,2
1921,geoffrey,2
1922,nearer,2
1923,consecration,2
1924,evangeline,2
1925,resistance,2
1926,boys,2
1927,lifter,2
1928,evergreen,2
1929,prize,2
1930,seated,2
1931,drawing,2
1932,buen,2
1933,rodeado,2
1934,pushing,2
1935,guest,2
1936,heath,2
1937,sonic,2
1938,society,2
1939,runners,2
1940,shines,2
1941,hillside,2
1942,eat,2
1943,leviathan,2
1944,lake,2
1945,yarina,2
1946,bury,2
1947,workmen,2
1948,firm,2
1949,foundation,2
1950,kumbaya,2
1951,viene,2
1952,poder,2
1953,fiel,2
1954,verte,2
1955,qui,2
1956,elyssa,2
1957,smith,2
1958,apart,2
1959,daily,2
1960,respira,2
1961,vive,2
1962,hoy,2
1963,venid,2
1964,glorificad,2
1965,pressure,2
1966,cruising,2
1967,anomaly,2
1968,muzik,2
1969,boundless,2
1970,fixed,2
1971,perform,2
1972,fell,2
1973,dante,2
1974,bowe,2
1975,knowledge,2
1976,mysteries,2
1977,rotations,2
1978,piano,2
1979,movin,2
1980,friday,2
1981,tells,2
1982,lovers,2
1983,paranoia,2
1984,confess,2
1985,pastures,2
1986,passes,2
1987,their,2
1988,flat,2
1989,rugged,2
1990,kindly,2
1991,con,2
1992,toque,2
1993,diez,2
1994,mil,2
1995,razones,2
1996,tide,2
1997,sooner,2
1998,piedad,2
1999,env,2
2000,ame,2
2001,castillo,2
2002,fuerte,2
2003,celestial,2
2004,jordin,2
2005,caving,2
2006,gangland,2
2007,tired,2
2008,knock,2
2009,depths,2
2010,revelator,2
2011,soldier,2
2012,deny,2
2013,wishful,2
2014,thinking,2
2015,nathan,2
2016,prior,2
2017,devoted,2
2018,cathedrals,2
2019,strangers,2
2020,beulah,2
2021,audience,2
2022,wander,2
2023,unbelief,2
2024,kids,2
2025,honor,2
2026,kiss,2
2027,towards,2
2028,construir,2
2029,stripped,2
2030,survive,2
2031,firefly,2
2032,gran,2
2033,completo,2
2034,postro,2
2035,misconceptions,2
2036,hailey,2
2037,kiteley,2
2038,decision,2
2039,songbird,2
2040,homesick,2
2041,lease,2
2042,overcomer,2
2043,riot,2
2044,worst,2
2045,thine,2
2046,floodgates,2
2047,jill,2
2048,edm,2
2049,tempestad,2
2050,mites,2
2051,passover,2
2052,changing,2
2053,changers,2
2054,glories,2
2055,refugio,2
2056,glor,2
2057,jesucristo,2
2058,undertow,2
2059,asher,2
2060,postman,2
2061,lack,2
2062,fools,2
2063,outrageous,2
2064,whip,2
2065,fakin,2
2066,killa,2
2067,identity,2
2068,vapors,2
2069,nvr,2
2070,stp,2
2071,processional,2
2072,recovery,2
2073,anointed,2
2074,birthday,2
2075,reprieve,2
2076,wayfaring,2
2077,stranger,2
2078,bika,2
2079,mono,2
2080,letters,2
2081,president,2
2082,irrational,2
2083,wounded,2
2084,era,2
2085,lightning,2
2086,buried,2
2087,limpio,2
2088,gather,2
2089,begats,2
2090,absolutely,2
2091,jones,2
2092,venga,2
2093,craziest,2
2094,corazon,2
2095,kyle,2
2096,fredericks,2
2097,lucky,2
2098,fuego,2
2099,ambition,2
2100,check,2
2101,devine,2
2102,community,2
2103,though,2
2104,slay,2
2105,max,2
2106,abundance,2
2107,unredeemed,2
2108,died,2
2109,fault,2
2110,building,2
2111,stole,2
2112,momentum,2
2113,hogar,2
2114,mundo,2
2115,pie,2
2116,rooms,2
2117,cindy,2
2118,ur,2
2119,shore,2
2120,plea,2
2121,refuge,2
2122,cling,2
2123,unending,2
2124,somos,2
2125,luz,2
2126,sign,2
2127,devil,2
2128,disguise,2
2129,apb,2
2130,violence,2
2131,answered,2
2132,roots,2
2133,roars,2
2134,press,2
2135,teresa,2
2136,boom,2
2137,believer,2
2138,cu,2
2139,dusk,2
2140,ray,2
2141,hosea,2
2142,untold,2
2143,dreamers,2
2144,appears,2
2145,reformation,2
2146,destined,2
2147,returning,2
2148,hit,2
2149,pages,2
2150,confe,2
2151,ions,2
2152,intervention,2
2153,indwelling,2
2154,represent,2
2155,instrument,2
2156,apostle,2
2157,shakes,2
2158,candlenight,2
2159,lovewell,2
2160,prophetic,2
2161,phone,2
2162,those,2
2163,glimpse,2
2164,artist,2
2165,declaro,2
2166,tiempo,2
2167,encuentro,2
2168,stepping,2
2169,touched,2
2170,legends,2
2171,bob,2
2172,randall,2
2173,hanna,2
2174,sheets,2
2175,watched,2
2176,agnus,2
2177,dei,2
2178,lights,2
2179,please,2
2180,tobe,2
2181,lecrae,2
2182,carriers,2
2183,leadeth,2
2184,whate,2
2185,er,2
2186,ordains,2
2187,stricken,2
2188,smitten,2
2189,opposite,2
2190,thief,2
2191,tides,2
2192,sell,2
2193,hang,2
2194,mayday,2
2195,shalom,2
2196,resound,2
2197,gethsemane,2
2198,self,2
2199,fearless,2
2200,thoughts,2
2201,terrible,2
2202,fields,2
2203,parachute,2
2204,wonderland,2
2205,acerco,2
2206,longs,2
2207,rendido,2
2208,pronto,2
2209,vendr,2
2210,turner,2
2211,wendy,2
2212,guajardo,2
2213,canaan,2
2214,boundary,2
2215,countless,2
2216,rediscover,2
2217,begun,2
2218,alas,2
2219,bleed,2
2220,wow,2
2221,kierra,2
2222,sheard,2
2223,finer,2
2224,spazz,2
2225,rejects,2
2226,breathin,2
2227,stops,2
2228,solid,2
2229,cannons,2
2230,reeves,2
2231,hostage,2
2232,setting,2
2233,earthquake,2
2234,such,2
2235,unfolding,2
2236,fortunate,2
2237,past,2
2238,incontenible,2
2239,mercyme,2
2240,myspace,2
2241,tuyo,2
2242,labor,2
2243,ballad,2
2244,jody,2
2245,baxter,2
2246,serve,2
2247,humbly,2
2248,lizi,2
2249,bailey,2
2250,hurricane,2
2251,perante,2
2252,dos,2
2253,dreamed,2
2254,weak,2
2255,symptoms,2
2256,tiny,2
2257,buttons,2
2258,reality,2
2259,souled,2
2260,tabernacle,2
2261,kneel,2
2262,worker,2
2263,voices,2
2264,ms,2
2265,rabbit,2
2266,bear,2
2267,jaye,2
2268,thomas,2
2269,clock,2
2270,committed,2
2271,weightless,2
2272,brings,2
2273,vice,2
2274,virtue,2
2275,possess,2
2276,secrets,2
2277,piensas,2
2278,limit,2
2279,ascend,2
2280,vuelvo,2
2281,tus,2
2282,pies,2
2283,ser,2
2284,peering,2
2285,blow,2
2286,date,2
2287,spring,2
2288,nyc,2
2289,doin,2
2290,sisu,2
2291,counted,2
2292,american,2
2293,depth,2
2294,recess,2
2295,shanty,2
2296,llamas,2
2297,r,2
2298,ma,2
2299,magic,2
2300,isle,2
2301,skye,2
2302,fancy,2
2303,guitar,2
2304,magnifies,2
2305,dearly,2
2306,sands,2
2307,asked,2
2308,camino,2
2309,gracias,2
2310,fue,2
2311,rompe,2
2312,barreras,2
2313,mayor,2
2314,correr,2
2315,sanaste,2
2316,jinny,2
2317,kim,2
2318,jump,2
2319,aliens,2
2320,incarnation,2
2321,begotten,2
2322,munster,2
2323,virgin,2
2324,had,2
2325,embarkation,2
2326,edwin,2
2327,botero,2
2328,wildfire,2
2329,yearns,2
2330,iesu,2
2331,dulcis,2
2332,memoria,2
2333,assad,2
2334,spark,2
2335,numb,2
2336,pain,2
2337,force,2
2338,straight,2
2339,blown,2
2340,adlan,2
2341,list,2
2342,mamma,2
2343,arrows,2
2344,obrigado,2
2345,hey,2
2346,salvador,2
2347,cada,2
2348,estrella,2
2349,exaltar,2
2350,burdens,2
2351,overdose,2
2352,anger,2
2353,management,2
2354,strung,2
2355,hush,2
2356,eastern,2
2357,indiana,2
2358,centipede,2
2359,unshakable,2
2360,delivered,2
2361,chariot,2
2362,nearing,2
2363,lifting,2
2364,ding,2
2365,dong,2
2366,merrily,2
2367,starting,2
2368,station,2
2369,conmigo,2
2370,favoured,2
2371,frontier,2
2372,martin,2
2373,pk,2
2374,bottom,2
2375,prepare,2
2376,promised,2
2377,si,2
2378,nos,2
2379,levantaremos,2
2380,le,2
2381,canto,2
2382,cageless,2
2383,threshing,2
2384,bun,2
2385,maranatha,2
2386,deepened,2
2387,eun,2
2388,noise,2
2389,pig,2
2390,farm,2
2391,concern,2
2392,sanctified,2
2393,nails,2
2394,encounter,2
2395,mega,2
2396,gang,2
2397,completely,2
2398,eggshells,2
2399,car,2
2400,victorious,2
2401,favor,2
2402,runaway,2
2403,casey,2
2404,ed,2
2405,assent,2
2406,tweed,2
2407,tryin,2
2408,nice,2
2409,guy,2
2410,spoken,2
2411,bendito,2
2412,seja,2
2413,pai,2
2414,eis,2
2415,nosso,2
2416,scariest,2
2417,undone,2
2418,greet,2
2419,anymore,2
2420,greatly,2
2421,goz,2
2422,ndome,2
2423,espera,2
2424,otro,2
2425,bondad,2
2426,wreckingball,2
2427,likeness,2
2428,tha,2
2429,hell,2
2430,neighbor,2
2431,mustard,2
2432,seed,2
2433,crescendo,2
2434,total,2
2435,searched,2
2436,boar,2
2437,merriment,2
2438,patterns,2
2439,beating,2
2440,bursting,2
2441,french,2
2442,horn,2
2443,rebellion,2
2444,faltline,2
2445,newsboys,2
2446,runs,2
2447,elevator,2
2448,meaning,2
2449,captivate,2
2450,divided,2
2451,farlon,2
2452,lyte,2
2453,quebe,2
2454,sisters,2
2455,small,2
2456,unrestrained,2
2457,maior,2
2458,imaginamos,2
2459,vou,2
2460,gloriar,2
2461,meu,2
2462,redentor,2
2463,vem,2
2464,mostrar,2
2465,sublime,2
2466,tudo,2
2467,pra,2
2468,mim,2
2469,teu,2
2470,venha,2
2471,awaits,2
2472,gladly,2
2473,maravilloso,2
2474,eternamente,2
2475,exaltado,2
2476,healed,2
2477,enter,2
2478,nunca,2
2479,paras,2
2480,cantar,2
2481,lev,2
2482,ntame,2
2483,jacob,2
2484,sooter,2
2485,veins,2
2486,u,2
2487,wit,2
2488,entrusted,2
2489,arkansas,2
2490,reading,2
2491,malachi,2
2492,adcock,2
2493,jess,2
2494,steer,2
2495,wrestle,2
2496,abbeville,2
2497,upside,2
2498,remastered,2
2499,landa,2
2500,esengo,2
2501,toast,2
2502,lonely,2
2503,ireland,2
2504,keeping,2
2505,summer,2
2506,flesh,2
2507,express,2
2508,spread,2
2509,houses,2
2510,measure,2
2511,forte,2
2512,eu,2
2513,prostro,2
2514,teus,2
2515,muerte,2
2516,joya,2
2517,mas,2
2518,especial,2
2519,futuregen,2
2520,fiction,2
2521,willing,2
2522,jonathan,2
2523,confessions,2
2524,arioso,2
2525,brain,2
2526,unlikely,2
2527,honesty,2
2528,heartcry,2
2529,britt,2
2530,nicole,2
2531,rsl,2
2532,breakfast,2
2533,orphan,2
2534,crooked,2
2535,tally,2
2536,ho,2
2537,poets,2
2538,shipwreck,2
2539,revolution,2
2540,grandioso,2
2541,jekyll,2
2542,hyde,2
2543,fence,2
2544,riders,2
2545,recebe,2
2546,gl,2
2547,ria,2
2548,misericordia,2
2549,foes,2
2550,jason,2
2551,ingram,2
2552,wrecking,2
2553,ball,2
2554,nothin,2
2555,elizabeth,2
2556,village,2
2557,wildflower,2
2558,eyeballs,2
2559,bible,2
2560,newborn,2
2561,erupting,2
2562,interview,2
2563,entertaining,2
2564,landslide,2
2565,holds,2
2566,homecoming,2
2567,dor,2
2568,soberano,2
2569,rei,2
2570,seu,2
2571,sangue,2
2572,foi,2
2573,verter,2
2574,blooms,2
2575,immovable,2
2576,jae,2
2577,calie,2
2578,garrett,2
2579,michelle,2
2580,chae,2
2581,given,2
2582,hannah,2
2583,hopeity,2
2584,dandy,2
2585,candy,2
2586,eating,2
2587,handy,2
2588,fruit,2
2589,spiritual,2
2590,pioneer,2
2591,christmastime,2
2592,pick,2
2593,zechariah,2
2594,absolute,2
2595,zach,2
2596,williams,2
2597,dreamer,2
2598,mecca,2
2599,azali,2
2600,awa,2
2601,crashing,2
2602,someday,2
2603,pillar,2
2604,natural,2
2605,tumbling,2
2606,leaving,2
2607,christos,2
2608,anesti,2
2609,tossed,2
2610,author,2
2611,unbelievable,2
2612,righteousness,2
2613,learn,2
2614,llega,2
2615,mite,2
2616,divide,2
2617,essence,2
2618,bout,2
2619,writin,2
2620,proverbs,2
2621,parables,2
2622,nightsong,2
2623,plant,2
2624,gardener,2
2625,forgiver,2
2626,mclaughlin,2
2627,signals,2
2628,neon,2
2629,feather,2
2630,weigh,2
2631,lofty,2
2632,queen,2
2633,iowa,2
2634,outstretched,2
2635,matter,2
2636,invitation,2
2637,holidays,2
2638,milagro,2
2639,terminado,2
2640,moravian,2
2641,prove,2
2642,lobby,2
2643,jam,2
2644,lend,2
2645,ears,2
2646,yourside,2
2647,henrietta,2
2648,drum,2
2649,timeless,2
2650,urban,2
2651,grey,2
2652,tools,2
2653,coral,2
2654,castle,2
2655,shiloh,2
2656,overwhelm,2
2657,corners,2
2658,bell,2
2659,everytime,2
2660,sand,2
2661,pile,2
2662,givers,2
2663,humanity,2
2664,oath,2
2665,rejoicing,2
2666,looks,2
2667,apprentice,2
2668,familiar,2
2669,tune,2
2670,thanksgiving,2
2671,unknown,2
2672,wenceslas,2
2673,cherry,2
2674,blossoms,2
2675,sericea,2
2676,anyone,2
2677,joanna,2
2678,stanley,2
2679,lest,2
2680,parade,2
2681,forty,2
2682,declaration,2
2683,dependence,2
2684,lungs,2
2685,reversal,2
2686,obsession,2
2687,noche,2
2688,lock,2
2689,mess,2
2690,scars,2
2691,gods,2
2692,compose,2
2693,receive,2
2694,suffering,2
2695,sincere,2
2696,renew,2
2697,cycles,2
2698,realize,2
2699,heavenly,2
2700,mistletoe,2
2701,sweater,2
2702,skeleton,2
2703,fraud,2
2704,job,2
2705,picked,2
2706,roses,2
2707,loose,2
2708,forest,2
2709,oak,2
2710,avenue,2
2711,turnaround,2
2712,micah,2
2713,saveya,2
2714,jesu,2
2715,desiring,2
2716,tidings,2
2717,mend,2
2718,captivated,2
2719,colton,2
2720,dixon,2
2721,shoulders,2
2722,memories,2
2723,appendix,2
2724,alaska,2
2725,bust,2
2726,venus,2
2727,loveliest,2
2728,money,2
2729,magnify,2
2730,begin,2
2731,hummingbird,2
2732,winners,2
2733,losers,2
2734,miscommunication,2
2735,scared,2
2736,umoya,2
2737,ungcwele,2
2738,sights,2
2739,gemini,2
2740,ring,2
2741,im,2
2742,declare,2
2743,yeild,2
2744,cept,2
2745,neighborhoods,2
2746,saw,2
2747,ships,2
2748,seeking,2
2749,yesterdays,2
2750,ability,2
2751,makes,2
2752,eternity,2
2753,finest,2
2754,curtain,2
2755,nightlights,2
2756,highness,2
2757,greengrass,2
2758,finale,2
2759,fallen,2
2760,pour,2
2761,penelope,2
2762,goin,2
2763,pastor,2
2764,elevation,2
2765,lax,2
2766,stagefright,2
2767,regardless,2
2768,longing,2
2769,rejected,2
2770,fair,2
2771,weather,2
2772,leaves,2
2773,myp,2
2774,public,2
2775,statement,2
2776,lovesick,2
2777,planet,2
2778,almost,2
2779,shoes,2
2780,charlotte,2
2781,giggles,2
2782,trick,2
2783,pony,2
2784,nightingale,2
2785,cereus,2
2786,tonnante,2
2787,killing,2
2788,pharisee,2
2789,wassail,2
2790,concept,2
2791,failure,2
2792,triumphant,2
2793,lies,2
2794,wexford,2
2795,eve,2
2796,blame,2
2797,balthasar,2
2798,sakura,2
2799,lenten,2
2800,greener,2
2801,georgia,2
2802,breeze,2
2803,housetop,2
2804,illuminate,2
2805,balance,2
2806,stupid,2
2807,spire,2
2808,writer,2
2809,offer,2
2810,brevity,2
2811,ruler,2
2812,prayers,2
2813,burns,2
2814,prevails,2
2815,wtihout,2
2816,purpose,2
2817,designer,2
2818,jeans,2
2819,hide,2
2820,aint,2
2821,contain,2
2822,w,2
2823,glorified,2
2824,satisfaction,2
2825,comfort,2
2826,jordan,2
2827,faithfull,2
2828,houstop,2
2829,melody,2
2830,acts,2
2831,introduction,2
2832,closing,2
2833,linear,2
2834,sellout,2
2835,james,2
2836,greeting,2
2837,japan,2
2838,exclusive,2
